<?xml version="1.0" encoding="UTF-8"?>
<project-private xmlns="http://www.netbeans.org/ns/project-private/1">
    <editor-bookmarks xmlns="http://www.netbeans.org/ns/editor-bookmarks/2" lastBookmarkId="0"/>
    <open-files xmlns="http://www.netbeans.org/ns/projectui-open-files/2">
        <group>
            <file>file:/C:/Users/Coline/Documents/4A/Java/bleh/Baltimore/src/Controller/DetailsCtrl.java</file>
            <file>file:/C:/Users/Coline/Documents/4A/Java/bleh/Baltimore/src/Controller/ListCtrl.java</file>
            <file>file:/C:/Users/Coline/Documents/4A/Java/bleh/Baltimore/src/View/DetailsView.java</file>
            <file>file:/C:/Users/Coline/Documents/4A/Java/bleh/Baltimore/src/Model/ListElement.java</file>
            <file>file:/C:/Users/Coline/Documents/4A/Java/bleh/Baltimore/src/Controller/MainCtrl.java</file>
            <file>file:/C:/Users/Coline/Documents/4A/Java/bleh/Baltimore/src/Model/Arrest.java</file>
        </group>
    </open-files>
</project-private>
